{"cameraMode":{"drawMode":0,"name":"Shaded","section":"Shading Mode"},"sceneLighting":true,"audioPlay":false,"sceneViewState":{"m_AlwaysRefresh":false,"showFog":true,"showSkybox":true,"showFlares":true,"showImageEffects":true,"showParticleSystems":true,"showVisualEffectGraphs":true,"m_FxEnabled":true},"in2DMode":false,"pivot":{"x":-10.239404678344727,"y":-1.3454818725585938,"z":9.573387145996094},"rotation":{"x":0.17396965622901917,"y":0.020678136497735978,"z":-0.0036537754349410536,"w":0.9845278263092041},"size":36.21100616455078,"orthographic":false}