{"cameraMode":{"drawMode":0,"name":"Shaded","section":"Shading Mode"},"sceneLighting":true,"audioPlay":false,"sceneViewState":{"m_AlwaysRefresh":false,"showFog":true,"showSkybox":true,"showFlares":true,"showImageEffects":true,"showParticleSystems":true,"showVisualEffectGraphs":true,"m_FxEnabled":true},"in2DMode":false,"pivot":{"x":-101.24449157714844,"y":-23.094274520874025,"z":24.061128616333009},"rotation":{"x":0.12067478895187378,"y":-0.6093770265579224,"z":0.09452944993972779,"w":0.7779237627983093},"size":58.57522201538086,"orthographic":false}